month,channel,spend_usd,impressions,clicks,leads
2024-01-01,Organic Search,12696.4,1477044,30253,3071
2024-01-01,Paid Search,42917.5,881909,17096,1968
2024-01-01,Paid Social,40778.96,1081762,27657,2596
2024-01-01,Email,8793.65,1064403,47108,1656
2024-01-01,Referral,14981.84,907613,15748,1005
2024-01-01,Affiliate,16203.4,808937,18233,1738
2024-02-01,Organic Search,11289.49,1146047,34838,3360
2024-02-01,Paid Search,37600.23,437028,18870,2097
2024-02-01,Paid Social,33680.93,576512,27125,955
2024-02-01,Email,9751.58,2464792,54152,3028
2024-02-01,Referral,12126.19,377365,16798,1952
2024-02-01,Affiliate,17635.24,881986,17019,1514
2024-03-01,Organic Search,11803.03,1905221,36382,2946
2024-03-01,Paid Search,47161.09,537908,23983,2411
2024-03-01,Paid Social,40463.27,1787188,27095,2069
2024-03-01,Email,10614.07,1112740,55783,3346
2024-03-01,Referral,15158.25,1373666,19560,1157
2024-03-01,Affiliate,18810.72,442298,17918,1821
2024-04-01,Organic Search,13592.35,2007931,35814,4019
2024-04-01,Paid Search,41004.64,1072696,22704,853
2024-04-01,Paid Social,40949.27,1156410,28904,2899
2024-04-01,Email,8747.5,1825068,42160,3932
2024-04-01,Referral,14893.37,440409,18611,1726
2024-04-01,Affiliate,19655.19,360017,13873,731
2024-05-01,Organic Search,11803.39,709878,29244,1177
2024-05-01,Paid Search,38393.19,320396,15116,1610
2024-05-01,Paid Social,46597.85,810784,30735,3356
2024-05-01,Email,11035.31,1103834,38527,2170
2024-05-01,Referral,16060.91,478208,21329,2524
2024-05-01,Affiliate,18299.59,365155,19347,1037
2024-06-01,Organic Search,10912.59,2946331,35942,4252
2024-06-01,Paid Search,51423.05,407979,20787,2462
2024-06-01,Paid Social,39699.36,590236,31352,1458
2024-06-01,Email,9407.01,1954028,37883,2927
2024-06-01,Referral,17610.81,913336,16887,1983
2024-06-01,Affiliate,20895.13,332387,15710,1065
2024-07-01,Organic Search,11039.56,869711,38740,4398
2024-07-01,Paid Search,45821.72,320086,16481,1851
2024-07-01,Paid Social,33812.05,1486199,25750,1787
2024-07-01,Email,10349.36,3491818,50673,5562
2024-07-01,Referral,11669.22,428829,15602,1530
2024-07-01,Affiliate,17129.03,766963,17169,948
2024-08-01,Organic Search,11566.85,663060,31656,2415
2024-08-01,Paid Search,40205.0,424945,18644,1886
2024-08-01,Paid Social,34176.35,1126753,27983,1530
2024-08-01,Email,10497.69,2418322,59628,6367
2024-08-01,Referral,11887.12,401426,11483,887
2024-08-01,Affiliate,19842.11,418989,16023,1716
2024-09-01,Organic Search,10748.41,709934,33711,1618
2024-09-01,Paid Search,44240.51,1238677,22906,1328
2024-09-01,Paid Social,37243.91,1827885,29829,1798
2024-09-01,Email,8779.64,1321965,40991,4753
2024-09-01,Referral,12828.98,360338,14187,1548
2024-09-01,Affiliate,19683.15,539939,20423,1494
2024-10-01,Organic Search,11542.3,750410,34404,2560
2024-10-01,Paid Search,40172.3,612344,17612,1458
2024-10-01,Paid Social,37314.05,495298,25426,1532
2024-10-01,Email,10572.2,1607228,42024,3718
2024-10-01,Referral,15890.34,643345,15595,602
2024-10-01,Affiliate,14342.75,395307,14286,1605
2024-11-01,Organic Search,16058.66,1221952,36634,3819
2024-11-01,Paid Search,53921.82,491827,20174,1554
2024-11-01,Paid Social,36884.16,436803,22418,2420
2024-11-01,Email,10938.79,1297073,41543,2406
2024-11-01,Referral,20152.2,1694708,24638,956
2024-11-01,Affiliate,18466.75,897106,18779,1428
2024-12-01,Organic Search,13582.31,985264,48483,5297
2024-12-01,Paid Search,51646.62,511485,21068,1245
2024-12-01,Paid Social,40186.72,1140168,20755,1974
2024-12-01,Email,10918.77,1090844,49594,5820
2024-12-01,Referral,15603.32,424635,17356,761
2024-12-01,Affiliate,20474.35,592356,21958,1793
2025-01-01,Organic Search,12843.13,2572589,38997,1741
2025-01-01,Paid Search,35957.15,425262,17998,1670
2025-01-01,Paid Social,36797.16,1343059,19440,923
2025-01-01,Email,9929.66,3006910,54743,2552
2025-01-01,Referral,16154.64,806135,21195,1277
2025-01-01,Affiliate,17227.52,730498,11906,969
2025-02-01,Organic Search,13457.7,1558927,40379,2928
2025-02-01,Paid Search,36317.77,619120,20027,952
2025-02-01,Paid Social,41653.41,1663181,22006,2258
2025-02-01,Email,7834.16,963878,42929,4514
2025-02-01,Referral,11893.06,316862,12230,1288
2025-02-01,Affiliate,16558.68,935711,15562,660
2025-03-01,Organic Search,13846.73,1917404,33474,1526
2025-03-01,Paid Search,36652.3,360818,16035,1214
2025-03-01,Paid Social,37077.97,1341082,20949,1368
2025-03-01,Email,8207.08,877307,35621,3260
2025-03-01,Referral,13444.27,895465,13475,745
2025-03-01,Affiliate,15101.5,271350,13064,933
2025-04-01,Organic Search,13489.51,812067,42233,4495
2025-04-01,Paid Search,42107.08,980921,20606,1813
2025-04-01,Paid Social,37227.44,781443,29210,2781
2025-04-01,Email,8962.25,1131080,35947,2229
2025-04-01,Referral,15288.42,1352122,19883,1023
2025-04-01,Affiliate,19591.08,430963,20838,2349
2025-05-01,Organic Search,11536.0,776866,40985,4164
2025-05-01,Paid Search,44458.54,655330,17837,1900
2025-05-01,Paid Social,41842.37,696998,23077,1901
2025-05-01,Email,8677.13,1518206,37313,4240
2025-05-01,Referral,15819.72,786357,18808,1026
2025-05-01,Affiliate,18168.28,870513,16792,653
2025-06-01,Organic Search,14469.53,1526417,46207,4955
2025-06-01,Paid Search,47300.6,450790,22592,1832
2025-06-01,Paid Social,33592.35,514358,20774,2347
2025-06-01,Email,9577.95,730543,38380,3185
2025-06-01,Referral,16252.71,352252,18104,1245
2025-06-01,Affiliate,17496.55,450849,15369,1544
2025-07-01,Organic Search,11266.7,1233238,40222,1533
2025-07-01,Paid Search,35898.67,420193,14321,983
2025-07-01,Paid Social,40768.4,616110,21095,2251
2025-07-01,Email,7558.48,1374739,31088,1349
2025-07-01,Referral,14725.45,424483,18604,1994
2025-07-01,Affiliate,15292.74,799644,15404,1546
2025-08-01,Organic Search,10543.15,1172866,29859,2454
2025-08-01,Paid Search,36416.29,336939,14227,1091
2025-08-01,Paid Social,36612.55,771195,22465,1411
2025-08-01,Email,9613.85,898707,33872,2531
2025-08-01,Referral,11839.77,608778,17916,1527
2025-08-01,Affiliate,17612.19,890203,19741,2066
2025-09-01,Organic Search,12714.58,547301,28779,1600
2025-09-01,Paid Search,47953.71,459394,21764,2487
2025-09-01,Paid Social,35747.9,1900299,24439,969
2025-09-01,Email,9022.89,1129725,45604,4993
2025-09-01,Referral,13377.75,494096,20166,2296
2025-09-01,Affiliate,17404.15,357323,18846,917
2025-10-01,Organic Search,13496.76,3019407,37787,4455
2025-10-01,Paid Search,46501.93,648784,20369,1742
2025-10-01,Paid Social,36073.48,460074,18080,973
2025-10-01,Email,9946.09,2012291,52500,5760
2025-10-01,Referral,12599.31,402989,15042,1404
2025-10-01,Affiliate,15271.05,209225,11021,712
2025-11-01,Organic Search,16671.22,3462696,44734,3622
2025-11-01,Paid Search,55591.81,574169,25390,1837
2025-11-01,Paid Social,44383.05,995499,25630,2423
2025-11-01,Email,10028.41,741381,35593,1411
2025-11-01,Referral,20005.67,1652448,27902,1850
2025-11-01,Affiliate,22834.85,1745793,25377,2975
2025-12-01,Organic Search,14589.47,1476828,45084,5092
2025-12-01,Paid Search,51912.88,498404,23341,1403
2025-12-01,Paid Social,38694.19,520538,22693,1766
2025-12-01,Email,9879.05,1610860,50401,2261
2025-12-01,Referral,16405.26,677152,19341,1313
2025-12-01,Affiliate,23377.36,352703,18521,1621
2026-01-01,Organic Search,10473.6,849242,25283,2217
2026-01-01,Paid Search,42040.77,708126,23120,2680
2026-01-01,Paid Social,41308.42,1248122,28048,2981
2026-01-01,Email,8163.45,731104,35514,2047
2026-01-01,Referral,15980.46,1249506,16291,822
2026-01-01,Affiliate,19344.09,432738,21327,1150
2026-02-01,Organic Search,10274.3,594319,32544,2431
2026-02-01,Paid Search,45616.73,492883,16699,1859
2026-02-01,Paid Social,37078.46,705531,25045,2671
2026-02-01,Email,9836.93,1452616,47693,4288
2026-02-01,Referral,14537.57,269068,13842,1643
2026-02-01,Affiliate,19337.51,388160,16131,1492
2026-03-01,Organic Search,10479.49,568846,28378,3049
2026-03-01,Paid Search,47824.55,470620,18633,1383
2026-03-01,Paid Social,35389.34,707063,22266,2603
2026-03-01,Email,8518.56,1069607,32929,1172
2026-03-01,Referral,11513.37,607695,13603,844
2026-03-01,Affiliate,17276.9,300753,14970,716
2026-04-01,Organic Search,11527.41,743165,29842,3485
2026-04-01,Paid Search,36656.83,460112,19630,1572
2026-04-01,Paid Social,41169.85,460253,24045,2095
2026-04-01,Email,8815.43,777307,37868,2828
2026-04-01,Referral,15571.75,728653,20416,1011
2026-04-01,Affiliate,15132.93,514458,17038,1038
2026-05-01,Organic Search,12335.49,733701,35578,3706
2026-05-01,Paid Search,38117.8,330967,16943,1194
2026-05-01,Paid Social,36942.7,637049,19575,1031
2026-05-01,Email,10835.26,1708870,56776,6695
2026-05-01,Referral,13341.14,543016,20283,1603
2026-05-01,Affiliate,19217.28,414245,21650,2498
